step,marked_element
0,0
0,1
1,0
1,1
2,7
2,9
3,11
3,12
4,11
4,12
5,6
5,7
6,6
6,7
7,11
7,15
7,16
8,11
8,15
8,16
9,0
9,1
9,3
10,0
10,2
10,3
11,19
11,21
11,22
12,19
12,20
12,22
13,24
13,25
13,26
14,24
14,25
14,26
15,11
15,14
15,25
15,28
16,11
16,14
16,25
16,28
17,16
17,30
17,31
17,37
17,40
18,3
18,14
18,16
18,31
18,37
19,36
19,40
19,42
19,48
19,50
19,51
20,36
20,40
20,42
20,48
20,50
20,51
20,55
21,39
21,46
21,55
21,56
21,64
21,65
21,68
21,70
21,72
22,46
22,55
22,56
22,58
22,64
22,65
22,68
22,70
22,72
23,17
23,18
23,23
23,33
23,78
24,2
24,4
24,5
24,31
24,47
24,49
24,53
24,57
25,46
25,68
25,70
25,71
25,73
25,75
25,76
25,106
25,111
25,113
26,46
26,68
26,70
26,71
26,73
26,75
26,76
26,106
26,111
26,113
