H_step,N_H,N_reference,ell_before,ell_accuracy_check_performed,ell_accuracy_check_reason,ell_last_check_step,ell_trial,Delta_ell,global_residual_dual_norm,discrete_continuity_upper_estimate,L_ref_sharp_trial,r_increment_cert_sharp,theta_loc,eta_H,ratio_mode,solution_majorant_performed,eta_pr_solution,epsilon_pr_hat,adjoint_defect_hat,residual_W_dual_upper,M_loc_solution,rho_loc_solution,solution_majorant_decision,full_trial_performed,ell_promoted,trial_reused_after_promotion,ell_after,trial_reused_correctors,trial_rebuilt_correctors
0,3,15,2,true,initial_lazy_theta_eta,-1,3,0,NA,NA,NA,0,0,0.044219906293955634,theta_loc_over_eta_H,false,NA,NA,NA,NA,NA,NA,accept-theta,false,false,false,2,0,0
1,5,24,2,false,termination_lazy_theta_eta,0,3,NA,NA,NA,NA,NA,NA,NA,adjacent_increment,false,NA,NA,NA,NA,NA,NA,disabled,false,false,false,2,0,0
2,5,32,2,false,termination_lazy_theta_eta,0,3,NA,NA,NA,NA,NA,NA,NA,adjacent_increment,false,NA,NA,NA,NA,NA,NA,disabled,false,false,false,2,0,0
3,6,41,2,false,termination_lazy_theta_eta,0,3,NA,NA,NA,NA,NA,NA,NA,adjacent_increment,false,NA,NA,NA,NA,NA,NA,disabled,false,false,false,2,0,0
4,6,51,2,true,lazy_theta_eta_2^ell,0,3,0.53501770934767412,NA,NA,NA,3.4113247199723657,0.53501770934767412,0.15683576125582327,theta_loc_over_eta_H,false,NA,NA,NA,NA,NA,NA,promote,true,true,true,3,0,0
5,7,60,3,false,termination_lazy_theta_eta,4,4,NA,NA,NA,NA,NA,NA,NA,adjacent_increment,false,NA,NA,NA,NA,NA,NA,disabled,false,false,false,3,0,0
6,7,70,3,false,termination_lazy_theta_eta,4,4,NA,NA,NA,NA,NA,NA,NA,adjacent_increment,false,NA,NA,NA,NA,NA,NA,disabled,false,false,false,3,0,0
7,8,80,3,false,termination_lazy_theta_eta,4,4,NA,NA,NA,NA,NA,NA,NA,adjacent_increment,false,NA,NA,NA,NA,NA,NA,disabled,false,false,false,3,0,0
8,8,87,3,false,termination_lazy_theta_eta,4,4,NA,NA,NA,NA,NA,NA,NA,adjacent_increment,false,NA,NA,NA,NA,NA,NA,disabled,false,false,false,3,0,0
9,10,97,3,false,termination_lazy_theta_eta,4,4,NA,NA,NA,NA,NA,NA,NA,adjacent_increment,false,NA,NA,NA,NA,NA,NA,disabled,false,false,false,3,0,0
10,10,104,3,false,termination_lazy_theta_eta,4,4,NA,NA,NA,NA,NA,NA,NA,adjacent_increment,false,NA,NA,NA,NA,NA,NA,disabled,false,false,false,3,0,0
11,12,116,3,false,termination_lazy_theta_eta,4,4,NA,NA,NA,NA,NA,NA,NA,adjacent_increment,false,NA,NA,NA,NA,NA,NA,disabled,false,false,false,3,0,0
12,12,128,3,true,lazy_theta_eta_2^ell,4,4,0.70909785533460068,NA,NA,NA,3.2878504347496524,0.70909785533460068,0.21567217530337376,theta_loc_over_eta_H,false,NA,NA,NA,NA,NA,NA,promote,true,true,true,4,0,0
13,13,147,4,false,termination_lazy_theta_eta,12,5,NA,NA,NA,NA,NA,NA,NA,adjacent_increment,false,NA,NA,NA,NA,NA,NA,disabled,false,false,false,4,0,0
14,13,170,4,false,termination_lazy_theta_eta,12,5,NA,NA,NA,NA,NA,NA,NA,adjacent_increment,false,NA,NA,NA,NA,NA,NA,disabled,false,false,false,4,0,0
15,16,193,4,false,termination_lazy_theta_eta,12,5,NA,NA,NA,NA,NA,NA,NA,adjacent_increment,false,NA,NA,NA,NA,NA,NA,disabled,false,false,false,4,0,0
16,16,225,4,true,termination_lazy_theta_eta,12,5,0.76031297136189069,NA,NA,NA,2.9025302416119678,0.76031297136189069,0.2619483375097027,theta_loc_over_eta_H,false,NA,NA,NA,NA,NA,NA,ell-cap,false,false,false,4,0,0
17,22,260,4,false,termination_lazy_theta_eta,16,5,NA,NA,NA,NA,NA,NA,NA,adjacent_increment,false,NA,NA,NA,NA,NA,NA,disabled,false,false,false,4,0,0
18,22,284,4,false,termination_lazy_theta_eta,16,5,NA,NA,NA,NA,NA,NA,NA,adjacent_increment,false,NA,NA,NA,NA,NA,NA,disabled,false,false,false,4,0,0
19,30,299,4,false,termination_lazy_theta_eta,16,5,NA,NA,NA,NA,NA,NA,NA,adjacent_increment,false,NA,NA,NA,NA,NA,NA,disabled,false,false,false,4,0,0
20,30,330,4,true,termination_lazy_theta_eta,16,5,1.8061159519631591,NA,NA,NA,6.6508724465534437,1.8061159519631591,0.271560756348456,theta_loc_over_eta_H,false,NA,NA,NA,NA,NA,NA,ell-cap,false,false,false,4,0,0
21,36,350,4,false,termination_lazy_theta_eta,20,5,NA,NA,NA,NA,NA,NA,NA,adjacent_increment,false,NA,NA,NA,NA,NA,NA,disabled,false,false,false,4,0,0
22,36,383,4,false,termination_lazy_theta_eta,20,5,NA,NA,NA,NA,NA,NA,NA,adjacent_increment,false,NA,NA,NA,NA,NA,NA,disabled,false,false,false,4,0,0
23,47,411,4,false,termination_lazy_theta_eta,20,5,NA,NA,NA,NA,NA,NA,NA,adjacent_increment,false,NA,NA,NA,NA,NA,NA,disabled,false,false,false,4,0,0
24,47,436,4,false,termination_lazy_theta_eta,20,5,NA,NA,NA,NA,NA,NA,NA,adjacent_increment,false,NA,NA,NA,NA,NA,NA,disabled,false,false,false,4,0,0
25,59,474,4,false,termination_lazy_theta_eta,20,5,NA,NA,NA,NA,NA,NA,NA,adjacent_increment,false,NA,NA,NA,NA,NA,NA,disabled,false,false,false,4,0,0
26,59,521,4,true,termination_lazy_theta_eta,20,5,0.15730539197681703,NA,NA,NA,0.61884099222399425,0.15730539197681703,0.25419355529680093,theta_loc_over_eta_H,false,NA,NA,NA,NA,NA,NA,accept-theta,false,false,false,4,0,0
