H_step,accepted_coarse_updates,theta_c,reference_only,N_H,N_reference,N_candidate,phase
0,0,0.29999999999999999,0,3,15,17,periodic-coarse-update
1,1,0.20000000000000001,1,5,24,27,periodic-reference-only
2,1,0.29999999999999999,0,5,32,37,periodic-coarse-update
3,2,0.20000000000000001,1,6,41,47,periodic-reference-only
4,2,0.29999999999999999,0,6,51,60,periodic-coarse-update
5,3,0.20000000000000001,1,7,60,66,periodic-reference-only
6,3,0.29999999999999999,0,7,70,80,periodic-coarse-update
7,4,0.20000000000000001,1,8,80,84,periodic-reference-only
8,4,0.29999999999999999,0,8,87,97,periodic-coarse-update
9,5,0.20000000000000001,1,10,97,104,periodic-reference-only
10,5,0.29999999999999999,0,10,104,116,periodic-coarse-update
11,6,0.20000000000000001,1,12,116,126,periodic-reference-only
12,6,0.29999999999999999,0,12,128,147,periodic-coarse-update
13,7,0.20000000000000001,1,13,147,162,periodic-reference-only
14,7,0.29999999999999999,0,13,170,193,periodic-coarse-update
15,8,0.20000000000000001,1,16,193,208,periodic-reference-only
16,8,0.29999999999999999,0,16,225,260,periodic-coarse-update
17,9,0.20000000000000001,1,22,260,271,periodic-reference-only
18,9,0.29999999999999999,0,22,284,299,periodic-coarse-update
19,10,0.20000000000000001,1,30,299,319,periodic-reference-only
20,10,0.29999999999999999,0,30,330,350,periodic-coarse-update
21,11,0.20000000000000001,1,36,350,358,periodic-reference-only
22,11,0.29999999999999999,0,36,383,411,periodic-coarse-update
23,12,0.20000000000000001,1,47,411,426,periodic-reference-only
24,12,0.29999999999999999,0,47,436,466,periodic-coarse-update
25,13,0.20000000000000001,1,59,474,495,periodic-reference-only
26,13,0.29999999999999999,0,59,521,566,periodic-coarse-update
