H_step,N_H,N_reference,sample,split,shared_variant,nominal,seed,singular_coefficient,wave_x,wave_y,wave_amplitude,wave_phase,shared_rank,retrained_rank,exact_shared,exact_retrained,reference_shared,reference_retrained,reference_floor,exact_ratio,floor_aware_passed,shared_algebraic_residual,retrained_algebraic_residual,shared_aot_residual,retrained_aot_residual,shared_inf_sup,retrained_inf_sup,inf_sup_ratio
0,3,15,0,train,LOD-S0,true,20260901,0,0.75,0.5,1,0,0,0,1.4978299679516001,1.4978299679516001,1.0379527824681005,1.0379527824681005,1.1339563704682811,1,true,5.6713308823092409e-17,5.6713308823092409e-17,0,0,NA,NA,NA
0,3,15,1,train,LOD-S0,false,20260901,0,0.75959860872735874,0.52975261088468129,1,0,0,0,1.4442349368729555,1.4442349368729555,0.95627122000735398,0.95627122000735398,1.0741133714305777,1,true,8.1188212183287022e-17,8.1188212183287022e-17,0,0,NA,NA,NA
0,3,15,2,train,LOD-S0,false,20260901,0,0.70385707718349899,0.49009132612774953,1,0,0,0,1.5368669726337434,1.5368669726337434,1.2668442824588815,1.2668442824588815,1.3684163593069565,1,true,5.4482210995171694e-17,5.4482210995171694e-17,0,0,NA,NA,NA
0,3,15,3,train,LOD-S0,false,20260901,0,0.75939194298148749,0.48961286608401178,1,0,0,0,1.4637741891305498,1.4637741891305498,0.96414124553162173,0.96414124553162173,1.0769175840167149,1,true,6.1240941614780143e-17,6.1240941614780143e-17,0,0,NA,NA,NA
0,3,15,4,test,LOD-S0,false,20260902,0,0.71995393712823297,0.47682112288167311,1,0,0,0,1.5370977375945016,1.5370977375945016,1.2150838912956405,1.2150838912956405,1.3061068183447042,1,true,5.1108145016965626e-17,5.1108145016965626e-17,0,0,NA,NA,NA
0,3,15,5,test,LOD-S0,false,20260902,0,0.77640369733185033,0.48914315857310631,1,0,0,0,1.3951296194201186,1.3951296194201186,0.82976287872887433,0.82976287872887433,0.99133050290295233,1,true,3.4733181151063345e-17,3.4733181151063345e-17,0,0,NA,NA,NA
0,3,15,6,shift-audit,LOD-S0,false,20260902,0,0.80000000000000004,0.5,1,0,0,0,1.2943661085998261,1.2943661085998261,0.68199573846186501,0.68199573846186501,0.93966048046786466,1,true,3.9465108007061205e-17,3.9465108007061205e-17,0,0,NA,NA,NA
0,3,15,7,shift-audit,LOD-S0,false,20260902,0,0.69999999999999996,0.5,1,0,0,0,1.5323506965335953,1.5323506965335953,1.2730644690730708,1.2730644690730708,1.3783545512330224,1,true,1.2890333512354484e-16,1.2890333512354484e-16,0,0,NA,NA,NA
1,5,24,0,train,LOD-S0,true,20260901,0,0.75,0.5,1,0,0,0,1.9644992689278546,1.9644992689278546,NA,NA,NA,1,false,8.1900396366289018e-17,8.1900396366289018e-17,0,0,NA,NA,NA
1,5,24,1,train,LOD-S0,false,20260901,0,0.75959860872735874,0.52975261088468129,1,0,0,0,1.680792741366963,1.680792741366963,NA,NA,NA,1,false,5.0837893254242423e-17,5.0837893254242423e-17,0,0,NA,NA,NA
1,5,24,2,train,LOD-S0,false,20260901,0,0.70385707718349899,0.49009132612774953,1,0,0,0,2.1908638164189123,2.1908638164189123,NA,NA,NA,1,false,9.0108032934296323e-17,9.0108032934296323e-17,0,0,NA,NA,NA
1,5,24,3,train,LOD-S0,false,20260901,0,0.75939194298148749,0.48961286608401178,1,0,0,0,1.9594374582880891,1.9594374582880891,NA,NA,NA,1,false,6.0995641426476875e-17,6.0995641426476875e-17,0,0,NA,NA,NA
1,5,24,4,test,LOD-S0,false,20260902,0,0.71995393712823297,0.47682112288167311,1,0,0,0,2.2335140307389709,2.2335140307389709,NA,NA,NA,1,false,7.4373170460320377e-17,7.4373170460320377e-17,0,0,NA,NA,NA
1,5,24,5,test,LOD-S0,false,20260902,0,0.77640369733185033,0.48914315857310631,1,0,0,0,1.8312466047050242,1.8312466047050242,NA,NA,NA,1,false,5.148311640130012e-17,5.148311640130012e-17,0,0,NA,NA,NA
2,5,32,0,train,LOD-S0,true,20260901,0,0.75,0.5,1,0,0,0,1.6907818845845215,1.6907818845845215,NA,NA,NA,1,false,6.8871866446526965e-17,6.8871866446526965e-17,0,0,NA,NA,NA
2,5,32,1,train,LOD-S0,false,20260901,0,0.75959860872735874,0.52975261088468129,1,0,0,0,1.6127409542218503,1.6127409542218503,NA,NA,NA,1,false,4.0736386132347967e-17,4.0736386132347967e-17,0,0,NA,NA,NA
2,5,32,2,train,LOD-S0,false,20260901,0,0.70385707718349899,0.49009132612774953,1,0,0,0,1.6288543859410711,1.6288543859410711,NA,NA,NA,1,false,5.049934077654706e-17,5.049934077654706e-17,0,0,NA,NA,NA
2,5,32,3,train,LOD-S0,false,20260901,0,0.75939194298148749,0.48961286608401178,1,0,0,0,1.6802314287331133,1.6802314287331133,NA,NA,NA,1,false,7.5658853798950054e-17,7.5658853798950054e-17,0,0,NA,NA,NA
2,5,32,4,test,LOD-S0,false,20260902,0,0.71995393712823297,0.47682112288167311,1,0,0,0,1.6929598461327486,1.6929598461327486,NA,NA,NA,1,false,9.0249044949741474e-17,9.0249044949741474e-17,0,0,NA,NA,NA
2,5,32,5,test,LOD-S0,false,20260902,0,0.77640369733185033,0.48914315857310631,1,0,0,0,1.621405206676797,1.621405206676797,NA,NA,NA,1,false,5.4113943338758926e-17,5.4113943338758926e-17,0,0,NA,NA,NA
3,6,41,0,train,LOD-S0,true,20260901,0,0.75,0.5,1,0,0,0,1.4462719847176475,1.4462719847176475,NA,NA,NA,1,false,8.8693039272971023e-17,8.8693039272971023e-17,0,0,NA,NA,NA
3,6,41,1,train,LOD-S0,false,20260901,0,0.75959860872735874,0.52975261088468129,1,0,0,0,1.4414236968963456,1.4414236968963456,NA,NA,NA,1,false,7.4497392427770691e-17,7.4497392427770691e-17,0,0,NA,NA,NA
3,6,41,2,train,LOD-S0,false,20260901,0,0.70385707718349899,0.49009132612774953,1,0,0,0,1.3486231176760108,1.3486231176760108,NA,NA,NA,1,false,9.1791682627560548e-17,9.1791682627560548e-17,0,0,NA,NA,NA
3,6,41,3,train,LOD-S0,false,20260901,0,0.75939194298148749,0.48961286608401178,1,0,0,0,1.4293393634446403,1.4293393634446403,NA,NA,NA,1,false,5.2055819580841084e-17,5.2055819580841084e-17,0,0,NA,NA,NA
3,6,41,4,test,LOD-S0,false,20260902,0,0.71995393712823297,0.47682112288167311,1,0,0,0,1.3873891478032341,1.3873891478032341,NA,NA,NA,1,false,8.7797803302348472e-17,8.7797803302348472e-17,0,0,NA,NA,NA
3,6,41,5,test,LOD-S0,false,20260902,0,0.77640369733185033,0.48914315857310631,1,0,0,0,1.3991653841934291,1.3991653841934291,NA,NA,NA,1,false,6.575514113759518e-17,6.575514113759518e-17,0,0,NA,NA,NA
4,6,51,0,train,LOD-S0,true,20260901,0,0.75,0.5,1,0,0,0,1.2456291489687499,1.2456291489687499,NA,NA,NA,1,false,8.1756203034363754e-17,8.1756203034363754e-17,0,0,NA,NA,NA
4,6,51,1,train,LOD-S0,false,20260901,0,0.75959860872735874,0.52975261088468129,1,0,0,0,1.2286262539992512,1.2286262539992512,NA,NA,NA,1,false,4.6892505210819072e-17,4.6892505210819072e-17,0,0,NA,NA,NA
4,6,51,2,train,LOD-S0,false,20260901,0,0.70385707718349899,0.49009132612774953,1,0,0,0,1.2248967083200508,1.2248967083200508,NA,NA,NA,1,false,1.0596094700395628e-16,1.0596094700395628e-16,0,0,NA,NA,NA
4,6,51,3,train,LOD-S0,false,20260901,0,0.75939194298148749,0.48961286608401178,1,0,0,0,1.2400417524289604,1.2400417524289604,NA,NA,NA,1,false,5.872014578374844e-17,5.872014578374844e-17,0,0,NA,NA,NA
4,6,51,4,test,LOD-S0,false,20260902,0,0.71995393712823297,0.47682112288167311,1,0,0,0,1.2385640106113953,1.2385640106113953,NA,NA,NA,1,false,5.0178170749424293e-17,5.0178170749424293e-17,0,0,NA,NA,NA
4,6,51,5,test,LOD-S0,false,20260902,0,0.77640369733185033,0.48914315857310631,1,0,0,0,1.2266310777411669,1.2266310777411669,NA,NA,NA,1,false,4.6074797291156158e-17,4.6074797291156158e-17,0,0,NA,NA,NA
5,7,60,0,train,LOD-S0,true,20260901,0,0.75,0.5,1,0,0,0,1.1480502723107817,1.1480502723107817,NA,NA,NA,1,false,9.67553098810327e-17,9.67553098810327e-17,0,0,NA,NA,NA
5,7,60,1,train,LOD-S0,false,20260901,0,0.75959860872735874,0.52975261088468129,1,0,0,0,1.1431434218898731,1.1431434218898731,NA,NA,NA,1,false,4.2673101172627827e-17,4.2673101172627827e-17,0,0,NA,NA,NA
5,7,60,2,train,LOD-S0,false,20260901,0,0.70385707718349899,0.49009132612774953,1,0,0,0,1.1340452942119943,1.1340452942119943,NA,NA,NA,1,false,8.2995021247614301e-17,8.2995021247614301e-17,0,0,NA,NA,NA
5,7,60,3,train,LOD-S0,false,20260901,0,0.75939194298148749,0.48961286608401178,1,0,0,0,1.1402386405363876,1.1402386405363876,NA,NA,NA,1,false,5.7345741095232122e-17,5.7345741095232122e-17,0,0,NA,NA,NA
5,7,60,4,test,LOD-S0,false,20260902,0,0.71995393712823297,0.47682112288167311,1,0,0,0,1.142872006630101,1.142872006630101,NA,NA,NA,1,false,4.2728983965847687e-17,4.2728983965847687e-17,0,0,NA,NA,NA
5,7,60,5,test,LOD-S0,false,20260902,0,0.77640369733185033,0.48914315857310631,1,0,0,0,1.1276199271427665,1.1276199271427665,NA,NA,NA,1,false,3.8262545367075292e-17,3.8262545367075292e-17,0,0,NA,NA,NA
6,7,70,0,train,LOD-S0,true,20260901,0,0.75,0.5,1,0,0,0,1.1205752751229483,1.1205752751229483,NA,NA,NA,1,false,7.6210428059292195e-17,7.6210428059292195e-17,0,0,NA,NA,NA
6,7,70,1,train,LOD-S0,false,20260901,0,0.75959860872735874,0.52975261088468129,1,0,0,0,1.1157854926164434,1.1157854926164434,NA,NA,NA,1,false,5.5759255550263864e-17,5.5759255550263864e-17,0,0,NA,NA,NA
6,7,70,2,train,LOD-S0,false,20260901,0,0.70385707718349899,0.49009132612774953,1,0,0,0,1.1261971604686487,1.1261971604686487,NA,NA,NA,1,false,8.2872265460855625e-17,8.2872265460855625e-17,0,0,NA,NA,NA
6,7,70,3,train,LOD-S0,false,20260901,0,0.75939194298148749,0.48961286608401178,1,0,0,0,1.1154388406008258,1.1154388406008258,NA,NA,NA,1,false,5.539067067062437e-17,5.539067067062437e-17,0,0,NA,NA,NA
6,7,70,4,test,LOD-S0,false,20260902,0,0.71995393712823297,0.47682112288167311,1,0,0,0,1.1298981577416585,1.1298981577416585,NA,NA,NA,1,false,4.1018672735767319e-17,4.1018672735767319e-17,0,0,NA,NA,NA
6,7,70,5,test,LOD-S0,false,20260902,0,0.77640369733185033,0.48914315857310631,1,0,0,0,1.1066045332995511,1.1066045332995511,NA,NA,NA,1,false,4.1442963817854627e-17,4.1442963817854627e-17,0,0,NA,NA,NA
7,8,80,0,train,LOD-S0,true,20260901,0,0.75,0.5,1,0,0,0,2.3790972933572245,2.3790972933572245,NA,NA,NA,1,false,1.5392753916418052e-16,1.5392753916418052e-16,0,0,NA,NA,NA
7,8,80,1,train,LOD-S0,false,20260901,0,0.75959860872735874,0.52975261088468129,1,0,0,0,2.6377500272337731,2.6377500272337731,NA,NA,NA,1,false,2.9623564117156243e-16,2.9623564117156243e-16,0,0,NA,NA,NA
7,8,80,2,train,LOD-S0,false,20260901,0,0.70385707718349899,0.49009132612774953,1,0,0,0,2.1997933090066533,2.1997933090066533,NA,NA,NA,1,false,2.851172198388404e-16,2.851172198388404e-16,0,0,NA,NA,NA
7,8,80,3,train,LOD-S0,false,20260901,0,0.75939194298148749,0.48961286608401178,1,0,0,0,2.3089994470990449,2.3089994470990449,NA,NA,NA,1,false,2.6747142342545062e-16,2.6747142342545062e-16,0,0,NA,NA,NA
7,8,80,4,test,LOD-S0,false,20260902,0,0.71995393712823297,0.47682112288167311,1,0,0,0,2.1620317432804415,2.1620317432804415,NA,NA,NA,1,false,1.8669246780108938e-16,1.8669246780108938e-16,0,0,NA,NA,NA
7,8,80,5,test,LOD-S0,false,20260902,0,0.77640369733185033,0.48914315857310631,1,0,0,0,2.3578378558860216,2.3578378558860216,NA,NA,NA,1,false,2.8137784827547033e-16,2.8137784827547033e-16,0,0,NA,NA,NA
8,8,87,0,train,LOD-S0,true,20260901,0,0.75,0.5,1,0,0,0,1.7251640032416624,1.7251640032416624,NA,NA,NA,1,false,3.4982942947159179e-16,3.4982942947159179e-16,0,0,NA,NA,NA
8,8,87,1,train,LOD-S0,false,20260901,0,0.75959860872735874,0.52975261088468129,1,0,0,0,1.8442781516868656,1.8442781516868656,NA,NA,NA,1,false,2.3985590076106225e-16,2.3985590076106225e-16,0,0,NA,NA,NA
8,8,87,2,train,LOD-S0,false,20260901,0,0.70385707718349899,0.49009132612774953,1,0,0,0,1.6213104576610213,1.6213104576610213,NA,NA,NA,1,false,2.7827849179783958e-16,2.7827849179783958e-16,0,0,NA,NA,NA
8,8,87,3,train,LOD-S0,false,20260901,0,0.75939194298148749,0.48961286608401178,1,0,0,0,1.6948264607313959,1.6948264607313959,NA,NA,NA,1,false,1.7413163047239864e-16,1.7413163047239864e-16,0,0,NA,NA,NA
8,8,87,4,test,LOD-S0,false,20260902,0,0.71995393712823297,0.47682112288167311,1,0,0,0,1.6161832272260552,1.6161832272260552,NA,NA,NA,1,false,2.3608141841534698e-16,2.3608141841534698e-16,0,0,NA,NA,NA
8,8,87,5,test,LOD-S0,false,20260902,0,0.77640369733185033,0.48914315857310631,1,0,0,0,1.7213230722710871,1.7213230722710871,NA,NA,NA,1,false,1.9506677947726615e-16,1.9506677947726615e-16,0,0,NA,NA,NA
9,10,97,0,train,LOD-S0,true,20260901,0,0.75,0.5,1,0,0,0,1.7723751551077018,1.7723751551077018,NA,NA,NA,1,false,3.0576930992410188e-16,3.0576930992410188e-16,0,0,NA,NA,NA
9,10,97,1,train,LOD-S0,false,20260901,0,0.75959860872735874,0.52975261088468129,1,0,0,0,1.9898584481036932,1.9898584481036932,NA,NA,NA,1,false,4.3791063315969571e-16,4.3791063315969571e-16,0,0,NA,NA,NA
9,10,97,2,train,LOD-S0,false,20260901,0,0.70385707718349899,0.49009132612774953,1,0,0,0,1.8071223858824925,1.8071223858824925,NA,NA,NA,1,false,3.7460493918459867e-16,3.7460493918459867e-16,0,0,NA,NA,NA
9,10,97,3,train,LOD-S0,false,20260901,0,0.75939194298148749,0.48961286608401178,1,0,0,0,1.6826520554960305,1.6826520554960305,NA,NA,NA,1,false,2.7293359603099621e-16,2.7293359603099621e-16,0,0,NA,NA,NA
9,10,97,4,test,LOD-S0,false,20260902,0,0.71995393712823297,0.47682112288167311,1,0,0,0,1.734516945495391,1.734516945495391,NA,NA,NA,1,false,3.5366075057970299e-16,3.5366075057970299e-16,0,0,NA,NA,NA
9,10,97,5,test,LOD-S0,false,20260902,0,0.77640369733185033,0.48914315857310631,1,0,0,0,1.6720031367908603,1.6720031367908603,NA,NA,NA,1,false,2.2383395736513536e-16,2.2383395736513536e-16,0,0,NA,NA,NA
10,10,104,0,train,LOD-S0,true,20260901,0,0.75,0.5,1,0,0,0,2.4262492237967899,2.4262492237967899,NA,NA,NA,1,false,4.1244816418967706e-16,4.1244816418967706e-16,0,0,NA,NA,NA
10,10,104,1,train,LOD-S0,false,20260901,0,0.75959860872735874,0.52975261088468129,1,0,0,0,2.7036782941590776,2.7036782941590776,NA,NA,NA,1,false,5.2210802014674231e-16,5.2210802014674231e-16,0,0,NA,NA,NA
10,10,104,2,train,LOD-S0,false,20260901,0,0.70385707718349899,0.49009132612774953,1,0,0,0,2.4206410110711953,2.4206410110711953,NA,NA,NA,1,false,7.9621389291523692e-16,7.9621389291523692e-16,0,0,NA,NA,NA
10,10,104,3,train,LOD-S0,false,20260901,0,0.75939194298148749,0.48961286608401178,1,0,0,0,2.2742038999268512,2.2742038999268512,NA,NA,NA,1,false,8.7582253859318918e-16,8.7582253859318918e-16,0,0,NA,NA,NA
10,10,104,4,test,LOD-S0,false,20260902,0,0.71995393712823297,0.47682112288167311,1,0,0,0,2.2964861417912026,2.2964861417912026,NA,NA,NA,1,false,5.5467200715088313e-16,5.5467200715088313e-16,0,0,NA,NA,NA
10,10,104,5,test,LOD-S0,false,20260902,0,0.77640369733185033,0.48914315857310631,1,0,0,0,2.2187498857332226,2.2187498857332226,NA,NA,NA,1,false,6.6008231040667273e-16,6.6008231040667273e-16,0,0,NA,NA,NA
11,12,116,0,train,LOD-S0,true,20260901,0,0.75,0.5,1,0,0,0,1.6493908510349247,1.6493908510349247,NA,NA,NA,1,false,1.90512083018786e-16,1.90512083018786e-16,0,0,NA,NA,NA
11,12,116,1,train,LOD-S0,false,20260901,0,0.75959860872735874,0.52975261088468129,1,0,0,0,1.7020268719930767,1.7020268719930767,NA,NA,NA,1,false,1.4854550310434054e-16,1.4854550310434054e-16,0,0,NA,NA,NA
11,12,116,2,train,LOD-S0,false,20260901,0,0.70385707718349899,0.49009132612774953,1,0,0,0,1.5947511975092379,1.5947511975092379,NA,NA,NA,1,false,1.9413387923211284e-16,1.9413387923211284e-16,0,0,NA,NA,NA
11,12,116,3,train,LOD-S0,false,20260901,0,0.75939194298148749,0.48961286608401178,1,0,0,0,1.6306215470036387,1.6306215470036387,NA,NA,NA,1,false,1.6659987573414776e-16,1.6659987573414776e-16,0,0,NA,NA,NA
11,12,116,4,test,LOD-S0,false,20260902,0,0.71995393712823297,0.47682112288167311,1,0,0,0,1.5979641700028371,1.5979641700028371,NA,NA,NA,1,false,1.2265057316101241e-16,1.2265057316101241e-16,0,0,NA,NA,NA
11,12,116,5,test,LOD-S0,false,20260902,0,0.77640369733185033,0.48914315857310631,1,0,0,0,1.6323912857457403,1.6323912857457403,NA,NA,NA,1,false,1.45481398523446e-16,1.45481398523446e-16,0,0,NA,NA,NA
12,12,128,0,train,LOD-S0,true,20260901,0,0.75,0.5,1,0,0,0,1.4477951550185366,1.4477951550185366,NA,NA,NA,1,false,9.1120412288658816e-17,9.1120412288658816e-17,0,0,NA,NA,NA
12,12,128,1,train,LOD-S0,false,20260901,0,0.75959860872735874,0.52975261088468129,1,0,0,0,1.4750932005357642,1.4750932005357642,NA,NA,NA,1,false,1.4538014038831758e-16,1.4538014038831758e-16,0,0,NA,NA,NA
12,12,128,2,train,LOD-S0,false,20260901,0,0.70385707718349899,0.49009132612774953,1,0,0,0,1.3346752598176979,1.3346752598176979,NA,NA,NA,1,false,8.6655182301279989e-17,8.6655182301279989e-17,0,0,NA,NA,NA
12,12,128,3,train,LOD-S0,false,20260901,0,0.75939194298148749,0.48961286608401178,1,0,0,0,1.4498466190303669,1.4498466190303669,NA,NA,NA,1,false,1.1593969057008931e-16,1.1593969057008931e-16,0,0,NA,NA,NA
12,12,128,4,test,LOD-S0,false,20260902,0,0.71995393712823297,0.47682112288167311,1,0,0,0,1.3646918279688622,1.3646918279688622,NA,NA,NA,1,false,1.6273583634027226e-16,1.6273583634027226e-16,0,0,NA,NA,NA
12,12,128,5,test,LOD-S0,false,20260902,0,0.77640369733185033,0.48914315857310631,1,0,0,0,1.4676441726783571,1.4676441726783571,NA,NA,NA,1,false,7.5704212328677169e-17,7.5704212328677169e-17,0,0,NA,NA,NA
13,13,147,0,train,LOD-S0,true,20260901,0,0.75,0.5,1,0,0,0,1.394646420993505,1.394646420993505,NA,NA,NA,1,false,2.2114740443872155e-16,2.2114740443872155e-16,0,0,NA,NA,NA
13,13,147,1,train,LOD-S0,false,20260901,0,0.75959860872735874,0.52975261088468129,1,0,0,0,1.5241409136554958,1.5241409136554958,NA,NA,NA,1,false,1.7819405498539981e-16,1.7819405498539981e-16,0,0,NA,NA,NA
13,13,147,2,train,LOD-S0,false,20260901,0,0.70385707718349899,0.49009132612774953,1,0,0,0,1.2458488536417887,1.2458488536417887,NA,NA,NA,1,false,2.5330940128694628e-16,2.5330940128694628e-16,0,0,NA,NA,NA
13,13,147,3,train,LOD-S0,false,20260901,0,0.75939194298148749,0.48961286608401178,1,0,0,0,1.3926331996119823,1.3926331996119823,NA,NA,NA,1,false,1.9256814211551573e-16,1.9256814211551573e-16,0,0,NA,NA,NA
13,13,147,4,test,LOD-S0,false,20260902,0,0.71995393712823297,0.47682112288167311,1,0,0,0,1.2424166485722339,1.2424166485722339,NA,NA,NA,1,false,1.7797296840500736e-16,1.7797296840500736e-16,0,0,NA,NA,NA
13,13,147,5,test,LOD-S0,false,20260902,0,0.77640369733185033,0.48914315857310631,1,0,0,0,1.4645506158180039,1.4645506158180039,NA,NA,NA,1,false,2.0295273770033108e-16,2.0295273770033108e-16,0,0,NA,NA,NA
14,13,170,0,train,LOD-S0,true,20260901,0,0.75,0.5,1,0,0,0,1.2778380616527727,1.2778380616527727,NA,NA,NA,1,false,1.8565772916561771e-16,1.8565772916561771e-16,0,0,NA,NA,NA
14,13,170,1,train,LOD-S0,false,20260901,0,0.75959860872735874,0.52975261088468129,1,0,0,0,1.3220651250082511,1.3220651250082511,NA,NA,NA,1,false,1.1322042246208038e-16,1.1322042246208038e-16,0,0,NA,NA,NA
14,13,170,2,train,LOD-S0,false,20260901,0,0.70385707718349899,0.49009132612774953,1,0,0,0,1.1663619587716232,1.1663619587716232,NA,NA,NA,1,false,1.264699435907489e-16,1.264699435907489e-16,0,0,NA,NA,NA
14,13,170,3,train,LOD-S0,false,20260901,0,0.75939194298148749,0.48961286608401178,1,0,0,0,1.2888456759170932,1.2888456759170932,NA,NA,NA,1,false,1.109399173058977e-16,1.109399173058977e-16,0,0,NA,NA,NA
14,13,170,4,test,LOD-S0,false,20260902,0,0.71995393712823297,0.47682112288167311,1,0,0,0,1.1757358599700369,1.1757358599700369,NA,NA,NA,1,false,1.3384437346396855e-16,1.3384437346396855e-16,0,0,NA,NA,NA
14,13,170,5,test,LOD-S0,false,20260902,0,0.77640369733185033,0.48914315857310631,1,0,0,0,1.3433678899321619,1.3433678899321619,NA,NA,NA,1,false,1.1631563804541328e-16,1.1631563804541328e-16,0,0,NA,NA,NA
15,16,193,0,train,LOD-S0,true,20260901,0,0.75,0.5,1,0,0,0,1.3622700319394501,1.3622700319394501,NA,NA,NA,1,false,1.4087550303028527e-16,1.4087550303028527e-16,0,0,NA,NA,NA
15,16,193,1,train,LOD-S0,false,20260901,0,0.75959860872735874,0.52975261088468129,1,0,0,0,1.4101453298308735,1.4101453298308735,NA,NA,NA,1,false,1.2637637776844656e-16,1.2637637776844656e-16,0,0,NA,NA,NA
15,16,193,2,train,LOD-S0,false,20260901,0,0.70385707718349899,0.49009132612774953,1,0,0,0,1.2407324674302123,1.2407324674302123,NA,NA,NA,1,false,1.55417273489913e-16,1.55417273489913e-16,0,0,NA,NA,NA
15,16,193,3,train,LOD-S0,false,20260901,0,0.75939194298148749,0.48961286608401178,1,0,0,0,1.3922399149602516,1.3922399149602516,NA,NA,NA,1,false,1.2431921942924139e-16,1.2431921942924139e-16,0,0,NA,NA,NA
15,16,193,4,test,LOD-S0,false,20260902,0,0.71995393712823297,0.47682112288167311,1,0,0,0,1.2924370393843425,1.2924370393843425,NA,NA,NA,1,false,1.6071290042205335e-16,1.6071290042205335e-16,0,0,NA,NA,NA
15,16,193,5,test,LOD-S0,false,20260902,0,0.77640369733185033,0.48914315857310631,1,0,0,0,1.4609553352515032,1.4609553352515032,NA,NA,NA,1,false,2.222443241697127e-16,2.222443241697127e-16,0,0,NA,NA,NA
16,16,225,0,train,LOD-S0,true,20260901,0,0.75,0.5,1,0,0,0,1.2610766840851417,1.2610766840851417,1.1896340310194919,1.1896340310194919,0.25185497426628528,1,true,9.0686077806208555e-17,9.0686077806208555e-17,0,0,NA,NA,NA
16,16,225,1,train,LOD-S0,false,20260901,0,0.75959860872735874,0.52975261088468129,1,0,0,0,1.2761863358389487,1.2761863358389487,1.2041653360793378,1.2041653360793378,0.2601805994242965,1,true,1.343009809215622e-16,1.343009809215622e-16,0,0,NA,NA,NA
16,16,225,2,train,LOD-S0,false,20260901,0,0.70385707718349899,0.49009132612774953,1,0,0,0,1.1791605345826321,1.1791605345826321,1.0958756758350769,1.0958756758350769,0.2574781661874504,1,true,1.1389993905464112e-16,1.1389993905464112e-16,0,0,NA,NA,NA
16,16,225,3,train,LOD-S0,false,20260901,0,0.75939194298148749,0.48961286608401178,1,0,0,0,1.2770536508975514,1.2770536508975514,1.2066568883593025,1.2066568883593025,0.254863169622289,1,true,1.1488878569772186e-16,1.1488878569772186e-16,0,0,NA,NA,NA
16,16,225,4,test,LOD-S0,false,20260902,0,0.71995393712823297,0.47682112288167311,1,0,0,0,1.2119345244114743,1.2119345244114743,1.1318641356940253,1.1318641356940253,0.26064180185238922,1,true,1.2248703545625295e-16,1.2248703545625295e-16,0,0,NA,NA,NA
16,16,225,5,test,LOD-S0,false,20260902,0,0.77640369733185033,0.48914315857310631,1,0,0,0,1.307776652415638,1.307776652415638,1.2394830899042204,1.2394830899042204,0.25935927466008135,1,true,1.1108054744713821e-16,1.1108054744713821e-16,0,0,NA,NA,NA
16,16,225,6,shift-audit,LOD-S0,false,20260902,0,0.80000000000000004,0.5,1,0,0,0,1.3601876293397306,1.3601876293397306,1.2935764449943725,1.2935764449943725,0.26936122417217451,1,true,9.1289404725297158e-17,9.1289404725297158e-17,0,0,NA,NA,NA
16,16,225,7,shift-audit,LOD-S0,false,20260902,0,0.69999999999999996,0.5,1,0,0,0,1.1706214082288098,1.1706214082288098,1.0859789680978553,1.0859789680978553,0.25659407904959286,1,true,1.245775491600578e-16,1.245775491600578e-16,0,0,NA,NA,NA
17,22,260,0,train,LOD-S0,true,20260901,0,0.75,0.5,1,0,0,0,7.4394130853954366,7.4394130853954366,NA,NA,NA,1,false,1.0682988288113139e-14,1.0682988288113139e-14,0,0,NA,NA,NA
17,22,260,1,train,LOD-S0,false,20260901,0,0.75959860872735874,0.52975261088468129,1,0,0,0,6.4680707415675274,6.4680707415675274,NA,NA,NA,1,false,1.2061684626750067e-14,1.2061684626750067e-14,0,0,NA,NA,NA
17,22,260,2,train,LOD-S0,false,20260901,0,0.70385707718349899,0.49009132612774953,1,0,0,0,9.5224358176180512,9.5224358176180512,NA,NA,NA,1,false,5.8035876240670068e-15,5.8035876240670068e-15,0,0,NA,NA,NA
17,22,260,3,train,LOD-S0,false,20260901,0,0.75939194298148749,0.48961286608401178,1,0,0,0,10.863585440870789,10.863585440870789,NA,NA,NA,1,false,5.5437714147341116e-15,5.5437714147341116e-15,0,0,NA,NA,NA
17,22,260,4,test,LOD-S0,false,20260902,0,0.71995393712823297,0.47682112288167311,1,0,0,0,14.97596706423872,14.97596706423872,NA,NA,NA,1,false,1.8057153844265278e-14,1.8057153844265278e-14,0,0,NA,NA,NA
17,22,260,5,test,LOD-S0,false,20260902,0,0.77640369733185033,0.48914315857310631,1,0,0,0,10.631686785806469,10.631686785806469,NA,NA,NA,1,false,5.5252417554213009e-15,5.5252417554213009e-15,0,0,NA,NA,NA
18,22,284,0,train,LOD-S0,true,20260901,0,0.75,0.5,1,0,0,0,3.0638787242147503,3.0638787242147503,NA,NA,NA,1,false,7.7561423399545281e-16,7.7561423399545281e-16,0,0,NA,NA,NA
18,22,284,1,train,LOD-S0,false,20260901,0,0.75959860872735874,0.52975261088468129,1,0,0,0,3.2583625067653701,3.2583625067653701,NA,NA,NA,1,false,4.4553543359187054e-16,4.4553543359187054e-16,0,0,NA,NA,NA
18,22,284,2,train,LOD-S0,false,20260901,0,0.70385707718349899,0.49009132612774953,1,0,0,0,2.3785335574172066,2.3785335574172066,NA,NA,NA,1,false,5.9398432488822694e-16,5.9398432488822694e-16,0,0,NA,NA,NA
18,22,284,3,train,LOD-S0,false,20260901,0,0.75939194298148749,0.48961286608401178,1,0,0,0,3.1103446279520521,3.1103446279520521,NA,NA,NA,1,false,4.5329918702658844e-16,4.5329918702658844e-16,0,0,NA,NA,NA
18,22,284,4,test,LOD-S0,false,20260902,0,0.71995393712823297,0.47682112288167311,1,0,0,0,2.5479542515984122,2.5479542515984122,NA,NA,NA,1,false,5.7342749818437715e-16,5.7342749818437715e-16,0,0,NA,NA,NA
18,22,284,5,test,LOD-S0,false,20260902,0,0.77640369733185033,0.48914315857310631,1,0,0,0,3.2535534269988546,3.2535534269988546,NA,NA,NA,1,false,4.3088058097940445e-16,4.3088058097940445e-16,0,0,NA,NA,NA
19,30,299,0,train,LOD-S0,true,20260901,0,0.75,0.5,1,0,0,0,3.1349393228697946,3.1349393228697946,NA,NA,NA,1,false,8.3637536173571951e-13,8.3637536173571951e-13,0,0,NA,NA,NA
19,30,299,1,train,LOD-S0,false,20260901,0,0.75959860872735874,0.52975261088468129,1,0,0,0,14.175996259213981,14.175996259213981,NA,NA,NA,1,false,9.9869673834308214e-13,9.9869673834308214e-13,0,0,NA,NA,NA
19,30,299,2,train,LOD-S0,false,20260901,0,0.70385707718349899,0.49009132612774953,1,0,0,0,2.9362355751135629,2.9362355751135629,NA,NA,NA,1,false,6.8983897348360349e-13,6.8983897348360349e-13,0,0,NA,NA,NA
19,30,299,3,train,LOD-S0,false,20260901,0,0.75939194298148749,0.48961286608401178,1,0,0,0,1.9588944858258592,1.9588944858258592,NA,NA,NA,1,false,2.783971203237186e-13,2.783971203237186e-13,0,0,NA,NA,NA
19,30,299,4,test,LOD-S0,false,20260902,0,0.71995393712823297,0.47682112288167311,1,0,0,0,8.1867381335930229,8.1867381335930229,NA,NA,NA,1,false,8.4218267575111966e-13,8.4218267575111966e-13,0,0,NA,NA,NA
19,30,299,5,test,LOD-S0,false,20260902,0,0.77640369733185033,0.48914315857310631,1,0,0,0,1.724746113668473,1.724746113668473,NA,NA,NA,1,false,3.7379181703654126e-13,3.7379181703654126e-13,0,0,NA,NA,NA
20,30,330,0,train,LOD-S0,true,20260901,0,0.75,0.5,1,0,0,0,1.8121143459094786,1.8121143459094786,1.7845207574188586,1.7845207574188586,0.2241078429266937,1,true,1.064535428097272e-15,1.064535428097272e-15,0,0,NA,NA,NA
20,30,330,1,train,LOD-S0,false,20260901,0,0.75959860872735874,0.52975261088468129,1,0,0,0,1.858896364009609,1.858896364009609,1.8276881153124276,1.8276881153124276,0.23357583866383974,1,true,8.613683882358904e-16,8.613683882358904e-16,0,0,NA,NA,NA
20,30,330,2,train,LOD-S0,false,20260901,0,0.70385707718349899,0.49009132612774953,1,0,0,0,1.3698467075006893,1.3698467075006893,1.3279730797571625,1.3279730797571625,0.23143853295507985,1,true,8.3646703002613585e-16,8.3646703002613585e-16,0,0,NA,NA,NA
20,30,330,3,train,LOD-S0,false,20260901,0,0.75939194298148749,0.48961286608401178,1,0,0,0,1.8962378652720147,1.8962378652720147,1.8707620356673567,1.8707620356673567,0.22450367484779049,1,true,8.4358069387252279e-16,8.4358069387252279e-16,0,0,NA,NA,NA
20,30,330,4,test,LOD-S0,false,20260902,0,0.71995393712823297,0.47682112288167311,1,0,0,0,1.504961753231798,1.504961753231798,1.4696836950713563,1.4696836950713563,0.22788223637930521,1,true,1.2282020825647502e-15,1.2282020825647502e-15,0,0,NA,NA,NA
20,30,330,5,test,LOD-S0,false,20260902,0,0.77640369733185033,0.48914315857310631,1,0,0,0,2.033791483421675,2.033791483421675,2.0099352637212857,2.0099352637212857,0.2276065330896633,1,true,9.1849654536437314e-16,9.1849654536437314e-16,0,0,NA,NA,NA
20,30,330,6,shift-audit,LOD-S0,false,20260902,0,0.80000000000000004,0.5,1,0,0,0,2.1713500187065251,2.1713500187065251,2.1471704850772504,2.1471704850772504,0.23594719936526884,1,true,8.497702681633592e-16,8.497702681633592e-16,0,0,NA,NA,NA
20,30,330,7,shift-audit,LOD-S0,false,20260902,0,0.69999999999999996,0.5,1,0,0,0,1.3452105839491735,1.3452105839491735,1.3008972738346596,1.3008972738346596,0.23343399848037136,1,true,9.1336289293670234e-16,9.1336289293670234e-16,0,0,NA,NA,NA
21,36,350,0,train,LOD-S0,true,20260901,0,0.75,0.5,1,0,0,0,2.4443679703824217,2.4443679703824217,NA,NA,NA,1,false,8.3527673554868356e-16,8.3527673554868356e-16,0,0,NA,NA,NA
21,36,350,1,train,LOD-S0,false,20260901,0,0.75959860872735874,0.52975261088468129,1,0,0,0,2.4993183353155515,2.4993183353155515,NA,NA,NA,1,false,7.7842214972315552e-16,7.7842214972315552e-16,0,0,NA,NA,NA
21,36,350,2,train,LOD-S0,false,20260901,0,0.70385707718349899,0.49009132612774953,1,0,0,0,1.7359876586121195,1.7359876586121195,NA,NA,NA,1,false,6.1757808654780941e-16,6.1757808654780941e-16,0,0,NA,NA,NA
21,36,350,3,train,LOD-S0,false,20260901,0,0.75939194298148749,0.48961286608401178,1,0,0,0,2.5703671254451725,2.5703671254451725,NA,NA,NA,1,false,1.0759829715749547e-15,1.0759829715749547e-15,0,0,NA,NA,NA
21,36,350,4,test,LOD-S0,false,20260902,0,0.71995393712823297,0.47682112288167311,1,0,0,0,1.9489911471596642,1.9489911471596642,NA,NA,NA,1,false,8.7730938512642873e-16,8.7730938512642873e-16,0,0,NA,NA,NA
21,36,350,5,test,LOD-S0,false,20260902,0,0.77640369733185033,0.48914315857310631,1,0,0,0,2.777283072400234,2.777283072400234,NA,NA,NA,1,false,1.298245743732074e-15,1.298245743732074e-15,0,0,NA,NA,NA
22,36,383,0,train,LOD-S0,true,20260901,0,0.75,0.5,1,0,0,0,2.9940862968230602,2.9940862968230602,NA,NA,NA,1,false,1.709458620129519e-15,1.709458620129519e-15,0,0,NA,NA,NA
22,36,383,1,train,LOD-S0,false,20260901,0,0.75959860872735874,0.52975261088468129,1,0,0,0,2.9135215975221178,2.9135215975221178,NA,NA,NA,1,false,1.4566484931149916e-15,1.4566484931149916e-15,0,0,NA,NA,NA
22,36,383,2,train,LOD-S0,false,20260901,0,0.70385707718349899,0.49009132612774953,1,0,0,0,2.1104917821791767,2.1104917821791767,NA,NA,NA,1,false,1.4153066301940765e-15,1.4153066301940765e-15,0,0,NA,NA,NA
22,36,383,3,train,LOD-S0,false,20260901,0,0.75939194298148749,0.48961286608401178,1,0,0,0,3.1978419274016092,3.1978419274016092,NA,NA,NA,1,false,1.753918221146227e-15,1.753918221146227e-15,0,0,NA,NA,NA
22,36,383,4,test,LOD-S0,false,20260902,0,0.71995393712823297,0.47682112288167311,1,0,0,0,2.450170774972106,2.450170774972106,NA,NA,NA,1,false,2.3848617025954233e-15,2.3848617025954233e-15,0,0,NA,NA,NA
22,36,383,5,test,LOD-S0,false,20260902,0,0.77640369733185033,0.48914315857310631,1,0,0,0,3.4584242407280299,3.4584242407280299,NA,NA,NA,1,false,1.7391952683252708e-15,1.7391952683252708e-15,0,0,NA,NA,NA
23,47,411,0,train,LOD-S0,true,20260901,0,0.75,0.5,1,0,0,0,58.058405300079983,58.058405300079983,NA,NA,NA,1,false,3.7168162683587875e-14,3.7168162683587875e-14,0,0,NA,NA,NA
23,47,411,1,train,LOD-S0,false,20260901,0,0.75959860872735874,0.52975261088468129,1,0,0,0,55.547780332785784,55.547780332785784,NA,NA,NA,1,false,4.7866780048272924e-14,4.7866780048272924e-14,0,0,NA,NA,NA
23,47,411,2,train,LOD-S0,false,20260901,0,0.70385707718349899,0.49009132612774953,1,0,0,0,43.012205498196266,43.012205498196266,NA,NA,NA,1,false,5.1827033609432974e-14,5.1827033609432974e-14,0,0,NA,NA,NA
23,47,411,3,train,LOD-S0,false,20260901,0,0.75939194298148749,0.48961286608401178,1,0,0,0,60.466165957261232,60.466165957261232,NA,NA,NA,1,false,3.6951580644417996e-14,3.6951580644417996e-14,0,0,NA,NA,NA
23,47,411,4,test,LOD-S0,false,20260902,0,0.71995393712823297,0.47682112288167311,1,0,0,0,48.399218929115776,48.399218929115776,NA,NA,NA,1,false,5.2401947816441104e-14,5.2401947816441104e-14,0,0,NA,NA,NA
23,47,411,5,test,LOD-S0,false,20260902,0,0.77640369733185033,0.48914315857310631,1,0,0,0,63.09806405897762,63.09806405897762,NA,NA,NA,1,false,4.4932134637780832e-14,4.4932134637780832e-14,0,0,NA,NA,NA
24,47,436,0,train,LOD-S0,true,20260901,0,0.75,0.5,1,0,0,0,14.256373986180211,14.256373986180211,NA,NA,NA,1,false,1.0408249230485064e-14,1.0408249230485064e-14,0,0,NA,NA,NA
24,47,436,1,train,LOD-S0,false,20260901,0,0.75959860872735874,0.52975261088468129,1,0,0,0,13.844653794969602,13.844653794969602,NA,NA,NA,1,false,8.3714331954331097e-15,8.3714331954331097e-15,0,0,NA,NA,NA
24,47,436,2,train,LOD-S0,false,20260901,0,0.70385707718349899,0.49009132612774953,1,0,0,0,10.419505331590468,10.419505331590468,NA,NA,NA,1,false,8.8342876477458961e-15,8.8342876477458961e-15,0,0,NA,NA,NA
24,47,436,3,train,LOD-S0,false,20260901,0,0.75939194298148749,0.48961286608401178,1,0,0,0,14.789676643648729,14.789676643648729,NA,NA,NA,1,false,8.1085307623291535e-15,8.1085307623291535e-15,0,0,NA,NA,NA
24,47,436,4,test,LOD-S0,false,20260902,0,0.71995393712823297,0.47682112288167311,1,0,0,0,11.731905785675057,11.731905785675057,NA,NA,NA,1,false,8.0434708707735518e-15,8.0434708707735518e-15,0,0,NA,NA,NA
24,47,436,5,test,LOD-S0,false,20260902,0,0.77640369733185033,0.48914315857310631,1,0,0,0,15.415233035650736,15.415233035650736,NA,NA,NA,1,false,9.8494152547183016e-15,9.8494152547183016e-15,0,0,NA,NA,NA
25,59,474,0,train,LOD-S0,true,20260901,0,0.75,0.5,1,0,0,0,1.0068595416319168,1.0068595416319168,NA,NA,NA,1,false,3.2733782885050848e-16,3.2733782885050848e-16,0,0,NA,NA,NA
25,59,474,1,train,LOD-S0,false,20260901,0,0.75959860872735874,0.52975261088468129,1,0,0,0,0.96282137928618239,0.96282137928618239,NA,NA,NA,1,false,4.2000457169411901e-16,4.2000457169411901e-16,0,0,NA,NA,NA
25,59,474,2,train,LOD-S0,false,20260901,0,0.70385707718349899,0.49009132612774953,1,0,0,0,1.0993340918917571,1.0993340918917571,NA,NA,NA,1,false,3.3356995961339113e-16,3.3356995961339113e-16,0,0,NA,NA,NA
25,59,474,3,train,LOD-S0,false,20260901,0,0.75939194298148749,0.48961286608401178,1,0,0,0,0.98815039940081428,0.98815039940081428,NA,NA,NA,1,false,2.4119696431789008e-16,2.4119696431789008e-16,0,0,NA,NA,NA
25,59,474,4,test,LOD-S0,false,20260902,0,0.71995393712823297,0.47682112288167311,1,0,0,0,1.0710672022992429,1.0710672022992429,NA,NA,NA,1,false,3.4263599411966038e-16,3.4263599411966038e-16,0,0,NA,NA,NA
25,59,474,5,test,LOD-S0,false,20260902,0,0.77640369733185033,0.48914315857310631,1,0,0,0,0.95155343911112422,0.95155343911112422,NA,NA,NA,1,false,2.5550763977828997e-16,2.5550763977828997e-16,0,0,NA,NA,NA
26,59,521,0,train,LOD-S0,true,20260901,0,0.75,0.5,1,0,0,0,0.97288605465662081,0.97288605465662081,0.92503437026436475,0.92503437026436475,0.21030008491994268,1,true,3.0070957135565065e-16,3.0070957135565065e-16,0,0,NA,NA,NA
26,59,521,1,train,LOD-S0,false,20260901,0,0.75959860872735874,0.52975261088468129,1,0,0,0,0.93509604646574307,0.93509604646574307,0.88776048191558565,0.88776048191558565,0.21258009162932362,1,true,4.3784873083213336e-16,4.3784873083213336e-16,0,0,NA,NA,NA
26,59,521,2,train,LOD-S0,false,20260901,0,0.70385707718349899,0.49009132612774953,1,0,0,0,1.0469366484179743,1.0469366484179743,0.9879098826646322,0.9879098826646322,0.22032674121130477,1,true,4.9818361488078693e-16,4.9818361488078693e-16,0,0,NA,NA,NA
26,59,521,3,train,LOD-S0,false,20260901,0,0.75939194298148749,0.48961286608401178,1,0,0,0,0.95675511945003733,0.95675511945003733,0.91049180164791266,0.91049180164791266,0.20966117457023561,1,true,2.3202520968840844e-16,2.3202520968840844e-16,0,0,NA,NA,NA
26,59,521,4,test,LOD-S0,false,20260902,0,0.71995393712823297,0.47682112288167311,1,0,0,0,1.0224477519449553,1.0224477519449553,0.96787312776436663,0.96787312776436663,0.21546957637225814,1,true,5.1164089363654356e-16,5.1164089363654356e-16,0,0,NA,NA,NA
26,59,521,5,test,LOD-S0,false,20260902,0,0.77640369733185033,0.48914315857310631,1,0,0,0,0.92644739393391373,0.92644739393391373,0.88246014546168261,0.88246014546168261,0.20882193832546653,1,true,2.7005039657031327e-16,2.7005039657031327e-16,0,0,NA,NA,NA
26,59,521,6,shift-audit,LOD-S0,false,20260902,0,0.80000000000000004,0.5,1,0,0,0,0.87730378952779919,0.87730378952779919,0.83576683221357229,0.83576683221357229,0.20672638015189826,1,true,2.0050115857672815e-16,2.0050115857672815e-16,0,0,NA,NA,NA
26,59,521,7,shift-audit,LOD-S0,false,20260902,0,0.69999999999999996,0.5,1,0,0,0,1.0496001671335413,1.0496001671335413,0.98876687738228053,0.98876687738228053,0.22332037930514562,1,true,4.1064006516606473e-16,4.1064006516606473e-16,0,0,NA,NA,NA
