H_step,ell,N_H,N_reference,sample,split,rank,exact_norm,exact_error,floor,gap,base_gap,inside_sq,outside_sq,base_inside_sq,base_outside_sq,inside_depth_error,eta_H,eta_D,Theta,PG_residual,AOT_residual,regional_budget,inherit
0,2,208,3136,0,train,2,4.8717622346510137,1.1383517510116152,0.38355497565093144,1.0286365287006214,1.0709206654644881,0.10144237589906828,0.95665073227819597,0.19026724413932763,0.9566038275795743,3.9423327359427995e-06,3.047893313017509,0.016773921390849929,0.088725537112122221,1.4010992297564843e-15,1.1642643568770765e-15,1,1
0,2,208,3136,1,train,2,3.9867103264653205,1.266891369199844,0.4334960687365173,1.1406173251321161,1.1632174503031276,0.073426882432951882,1.2275809999585916,0.12549733809943803,1.2275774985902712,4.2257804410417155e-06,3.3268095216243943,0.017862085598970429,0.088725537112122221,1.1740425130196203e-15,1.1642643568770765e-15,1,1
0,2,208,3136,2,train,2,5.0855496071512736,1.4443637170261256,0.4852060704981927,1.3037477292245931,1.3386565356746589,0.18728419143465774,1.5124739500236253,0.27959160657925047,1.5124097139252288,8.2596165338066907e-06,3.8496977128592715,0.026730719658465713,0.088725537112122221,1.2664874365713755e-15,1.1642643568770765e-15,1,1
0,2,208,3136,3,train,2,4.8024570293515847,1.5817126795962593,0.53984515586607973,1.424172164233193,1.4497683692738172,0.38457038594115328,1.6436959674355036,0.45822915244895296,1.6435991720979104,1.2171167880992151e-05,4.1519534670807374,0.032367876450479942,0.088725537112122221,1.3725726930723926e-15,1.1642643568770765e-15,1,1
0,2,208,3136,4,train,2,5.2011937965853425,0.69498135095750058,0.23186794730102492,0.63329052016964771,0.71813672711536203,0.044478609145319599,0.35657827379142337,0.15914563411402799,0.35657472471793594,3.2801267273174783e-07,1.9535574503749658,0.01220585076521917,0.088725537112122221,1.2447637612382066e-15,1.1642643568770765e-15,1,1
0,2,208,3136,5,train,2,3.9507329051150606,0.8222347788768225,0.27574847038576134,0.74423853475046753,0.78392580845057769,0.044313642965349426,0.50957735364217349,0.1049843609411239,0.50955531221376793,1.6202344302329585e-06,2.220864483634688,0.011490895322936918,0.088725537112122221,1.1196415310627512e-15,1.1642643568770765e-15,1,1
0,2,208,3136,6,train,2,5.0935288763740845,1.0027680922460545,0.33241868703788324,0.90882359244649746,0.96377859513771724,0.061070212281978037,0.76489010990537931,0.16401526913500469,0.76485391131062719,2.9735187487417436e-06,2.7315076908750271,0.016322822646756687,0.088725537112122221,1.1099120170161572e-15,1.1642643568770765e-15,1,1
0,2,208,3136,7,train,2,4.6861039063083032,1.1549894551060129,0.38339777905957623,1.0442362586637106,1.0824935134054647,0.15219100427116514,0.93823835963681879,0.23364199311704847,0.93815021344785854,5.4419584064047122e-06,3.1052598668925486,0.024403359500612436,0.088725537112122221,1.2544990190258346e-15,1.1642643568770765e-15,1,1
0,2,208,3136,8,train,2,5.8207190467002663,1.2981872838014661,0.4386644115109517,1.1727954875830426,1.2264802392708816,0.18745039889426954,1.1879988568008772,0.31632762401203729,1.1879261533099217,6.1019786048999158e-06,3.4681300531422772,0.021361616611259179,0.088725537112122221,1.2660375369803736e-15,1.1642643568770765e-15,1,1
0,2,208,3136,9,train,2,4.3150294592374774,1.4498119069976696,0.49011885578683045,1.3062183008649222,1.3276146393627208,0.13298609187576937,1.5732201576386751,0.18934967046615936,1.573210960184048,3.384078125640011e-06,3.8138338333711697,0.013924201886683033,0.088725537112122221,1.4788313953067389e-15,1.1642643568770765e-15,1,1
0,2,208,3136,10,train,2,5.3843204071829653,1.6512915936302635,0.55074872238403039,1.4909989291040917,1.5232999898013981,0.099284263714893392,2.123793542874655,0.19665909537551993,2.1237837635534196,5.3135361913758672e-06,4.3980243893994881,0.018545289567804105,0.088725537112122221,1.1970434470274739e-15,1.1642643568770765e-15,1,1
0,2,208,3136,11,train,2,4.2504330583585359,0.71219273643867265,0.23392079666216559,0.64736437792184398,0.70301748470577641,0.036542679057361145,0.38253795874477492,0.11170515095878848,0.38252843284324806,1.6670328431070414e-06,1.9760970793047725,0.013746830853439897,0.088725537112122221,1.1170038259444248e-15,1.1642643568770765e-15,1,1
0,2,208,3136,12,train,2,5.3934626008347575,0.88716687046368681,0.28848728514651822,0.80656811322286204,0.87886179560927624,0.09634875485767197,0.55420336641021561,0.21824648832788848,0.55415156745367278,3.5323406247372846e-06,2.4699145771715219,0.020755979556090289,0.088725537112122221,1.1567259542001872e-15,1.1642643568770765e-15,1,1
0,2,208,3136,13,train,2,4.1657315887059454,0.98824873761394882,0.3356672183042243,0.89158300168014915,0.92802785853897563,0.15430903563953521,0.64061121324544967,0.22065828495116002,0.64057742127327688,4.221057086833957e-06,2.6152160419821797,0.018109912472874599,0.088725537112122221,1.2663690510473632e-15,1.1642643568770765e-15,1,1
0,2,208,3136,14,train,2,5.3213023247168074,1.1576036458023755,0.39478205288659624,1.0454483384806272,1.0962150124762782,0.096406427968081021,0.99655580046382308,0.20516114508228325,0.99652620849608342,2.6997999768157976e-06,3.092350452057421,0.015480588354615205,0.088725537112122221,1.3357633537185314e-15,1.1642643568770765e-15,1,1
0,2,208,3136,15,train,2,4.9262228567859196,1.3280723369695988,0.44628434014923241,1.1994621741366223,1.2347341630658577,0.081473090151693572,1.3572364170328592,0.16737944439704242,1.3571890090449017,4.0302009687576135e-06,3.5403048932936323,0.016073384192054199,0.088725537112122221,1.2383196572499518e-15,1.1642643568770765e-15,1,1
0,2,208,3136,16,test,2,4.4203818457325745,1.2422003233580992,0.41616338317939161,1.1204664232653803,1.1517318746580896,0.26820311707234384,0.9872418885927704,0.33934424891940229,0.98714206218403511,8.6941116563266085e-06,nan,nan,0.088725537112122221,1.3577376860645075e-15,1.1642643568770765e-15,1,1
0,2,208,3136,17,test,2,5.5653964961069233,1.3851565081908794,0.47522035008272545,1.2488711595700197,1.2932447359541031,0.15554226197972446,1.4041369112260411,0.26839705119054452,1.4040848958824532,4.9830311038001618e-06,nan,nan,0.088725537112122221,9.6390517000504102e-16,1.1642643568770765e-15,1,1
0,2,208,3136,18,test,2,4.4802239918270983,1.5550579523956267,0.52637274464879924,1.4017426386639891,1.4226461530424401,0.11312492845152095,1.8517574965971617,0.17220201604241289,1.8517200607240412,4.7803393344453271e-06,nan,nan,0.088725537112122221,1.2740122883712114e-15,1.1642643568770765e-15,1,1
0,2,208,3136,19,test,2,4.8613413089732544,0.67595508905102542,0.21808132821731116,0.61717621352790641,0.69370252095122598,0.029858413059646201,0.35104806548499773,0.13019282550514844,0.35103036206893767,1.2509186538313399e-06,nan,nan,0.088725537112122221,1.1847069121242928e-15,1.1642643568770765e-15,1,1
0,2,208,3136,20,test,2,4.409706736905429,0.79999966537960243,0.26638400314923283,0.72538354939914407,0.77754090452477331,0.061631607615202331,0.46454968612369812,0.14005868610138653,0.46451117210781612,2.1624782403292797e-06,nan,nan,0.088725537112122221,1.2321280160126609e-15,1.1642643568770765e-15,1,1
0,2,208,3136,21,test,2,5.5642098043731814,0.96089391513396549,0.3236071095675791,0.87092850599738614,0.9404064800510562,0.13053849882446314,0.62797796373437598,0.25642919202669895,0.62793515569531866,3.4113651317668747e-06,nan,nan,0.088725537112122221,1.1650712189612295e-15,1.1642643568770765e-15,1,1
0,2,208,3136,22,test,2,3.9718367948961979,1.105351783527899,0.37081660733061056,0.99744997058504181,1.0243160925281698,0.075503690916094282,0.91940275290400653,0.12982507866986379,0.91939837874231434,1.4340292451148207e-06,nan,nan,0.088725537112122221,1.0839848785546e-15,1.1642643568770765e-15,1,1
0,2,208,3136,23,test,2,5.0862325750066173,1.2806063837712358,0.42779708672647537,1.1576865625923816,1.1979542885919896,0.08535486513019476,1.2548833120767695,0.18024168465990761,1.2548527928960322,3.9829231826132849e-06,nan,nan,0.088725537112122221,1.2734408732568208e-15,1.1642643568770765e-15,1,1
0,2,208,3136,24,test,2,4.701349877441948,1.4235027260699631,0.48145805014530596,1.2836370340934742,1.312005757229602,0.12483191449223111,1.52289212080406,0.19850839387331298,1.5228507131303084,6.3755821150673908e-06,nan,nan,0.088725537112122221,1.0983514130867426e-15,1.1642643568770765e-15,1,1
0,2,208,3136,25,test,2,5.8215515181528685,1.6067728724167512,0.53390786841236149,1.4511832693153242,1.4926101788887478,0.35022560282755222,1.7557072783131604,0.47235451215242125,1.7555306339698784,1.2392327836618922e-05,nan,nan,0.088725537112122221,1.207627816509673e-15,1.1642643568770765e-15,1,1
0,2,208,3136,26,test,2,3.9168273371628506,0.66485766353556419,0.21991677987855629,0.6036147528555933,0.65407407175834753,0.041357299974030877,0.32299346989088812,0.10483689599036163,0.32297599535618232,1.4486740746791349e-06,nan,nan,0.088725537112122221,1.3043826400939001e-15,1.1642643568770765e-15,1,1
0,2,208,3136,27,test,2,5.0481761813665376,0.85412839866384338,0.27896759902223106,0.77649681025674677,0.8421641403793142,0.047775784036609203,0.555171512302293,0.15407531547760953,0.5551651238632197,1.3751626669958328e-06,nan,nan,0.088725537112122221,1.2273873418392695e-15,1.1642643568770765e-15,1,1
0,2,208,3136,28,test,2,4.6290068603180137,0.99321800653806069,0.32818833496648314,0.89994436671239464,0.94520461060323147,0.042561870275270759,0.76733799290210225,0.12610273231925964,0.76730902358634678,2.1039692208180139e-06,nan,nan,0.088725537112122221,1.1090809918263135e-15,1.1642643568770765e-15,1,1
0,2,208,3136,29,test,2,5.784424221994124,1.1463320484354806,0.38411289838008755,1.0378373710445081,1.0997124040894957,0.10305314176831663,0.97405326696825945,0.23538485494415368,0.97398251676414449,4.0168481215269169e-06,nan,nan,0.088725537112122221,1.0722034849665905e-15,1.1642643568770765e-15,1,1
0,2,208,3136,30,test,2,4.0722791206871118,1.2822953819668081,0.43342959438116585,1.1559381329050056,1.1791191499281886,0.22072428010466524,1.1154686869992452,0.27494646718466587,1.1153755025427081,7.5281215733968843e-06,nan,nan,0.088725537112122221,1.262576059550598e-15,1.1642643568770765e-15,1,1
0,2,208,3136,31,test,2,5.1877685734192598,1.4130483554595927,0.48888225488550163,1.2717789730705704,1.3078489157638664,0.2770237748126787,1.3403979815317559,0.37009018428413931,1.3403786021805817,6.5004410180202754e-06,nan,nan,0.088725537112122221,1.1036018139204475e-15,1.1642643568770765e-15,1,1
0,2,208,3136,32,test,2,4.8344398526519807,1.5716307900878468,0.5405620772103904,1.4139679979244906,1.4390090967068412,0.23433996211686972,1.7649655370377224,0.3058184853347774,1.7649286950702616,6.6691218196801572e-06,nan,nan,0.088725537112122221,1.3844154626687456e-15,1.1642643568770765e-15,1,1
0,2,208,3136,33,test,2,5.2168580811873051,0.73459826074893586,0.23475380600831125,0.67173264538409438,0.75274433836383914,0.033016983182953243,0.41820776369176027,0.1484255696154573,0.41819846932335664,7.7886846801961118e-07,nan,nan,0.088725537112122221,1.2218039389461336e-15,1.1642643568770765e-15,1,1
0,2,208,3136,34,test,2,3.9563785303393235,0.84960368910448925,0.28274086823139077,0.76892072391717892,0.8077092501142682,0.031570920309216259,0.55966815936010217,0.092729572537178048,0.55966466018297545,1.7854655516777451e-06,nan,nan,0.088725537112122221,1.1362369423518822e-15,1.1642643568770765e-15,1,1
0,2,208,3136,35,test,2,5.1031662150950199,1.0127080666005579,0.33589815398141837,0.91768871114543993,0.97251349353759842,0.084247751700752993,0.75790481886302574,0.18792091565851493,0.75786157945418953,3.6041623922705712e-06,nan,nan,0.088725537112122221,1.1790168678930367e-15,1.1642643568770765e-15,1,1
0,2,208,3136,36,test,2,4.686268160083074,1.1548487840021948,0.3864792377244185,1.0430149640655606,1.0816768038196691,0.17581586732311952,0.9120643479415631,0.25803868799976798,0.91198601992176698,6.252059421285594e-06,nan,nan,0.088725537112122221,1.1451749716058273e-15,1.1642643568770765e-15,1,1
0,2,208,3136,37,test,2,5.8055931397302976,1.3131911179097822,0.44328013116775322,1.1861462646626633,1.2392033899343484,0.15533886879121434,1.2516040923819745,0.28403446937629223,1.2515905722484886,3.0142100516106218e-06,nan,nan,0.088725537112122221,1.0988318268661532e-15,1.1642643568770765e-15,1,1
0,2,208,3136,38,test,2,4.2870526154705288,1.4682593317414052,0.49701761485390589,1.3230927685771041,1.3444942402049225,0.1165399538735305,1.634034520387496,0.17364452751641921,1.6340202344277925,5.0015794995361684e-06,nan,nan,0.088725537112122221,1.1723332055137404e-15,1.1642643568770765e-15,1,1
0,2,208,3136,39,test,2,5.4299918051717215,1.623640210106625,0.55133891822774506,1.4635158434915352,1.4966320962668309,0.13285259654156525,2.0090260276091745,0.23096832119474786,2.0089393103813009,7.1035298780941503e-06,nan,nan,0.088725537112122221,1.3498608944510735e-15,1.1642643568770765e-15,1,1
0,2,208,3136,40,shift-audit,2,4.8828879987484681,1.1147487291150686,0.38408979442923991,1.0051061892558895,1.0484479644778957,0.17164167874736536,0.83859677293313051,0.26065839173359961,0.8385847424842432,3.4854364287517647e-06,nan,nan,0.088725537112122221,1.2732913850387368e-15,1.1642643568770765e-15,1,1
0,2,208,3136,41,shift-audit,2,4.8724522592490969,1.1465444956430249,0.38393893989693917,1.0359561430622377,1.077705008513659,0.091628655667684189,0.9815764746807033,0.17987650047236889,0.98157158490305696,1.3004592552268157e-06,nan,nan,0.088725537112122221,1.3717741687242045e-15,1.1642643568770765e-15,1,1
0,2,208,3136,42,shift-audit,2,4.862128742044284,1.1768092479014436,0.38573305922328649,1.0658419845588962,1.1065131184363941,0.05536278576950756,1.0806563502789388,0.14372347672169097,1.0806478045501426,1.7879767840733862e-06,nan,nan,0.088725537112122221,1.3021817503992562e-15,1.1642643568770765e-15,1,1
0,2,208,3136,43,shift-audit,2,4.8571235226026843,1.1742445802235177,0.38744992336653278,1.0628084988304325,1.1037203424272697,0.051239685084211346,1.078322220101986,0.13988862637736832,1.0783099679104011,2.8524358333531508e-06,nan,nan,0.088725537112122221,1.1370622002357686e-15,1.1642643568770765e-15,1,1
0,2,208,3136,44,shift-audit,2,4.8599598879502377,1.1502326766178608,0.38660154911262301,1.0390178678763937,1.0808163237890416,0.064956148781642728,1.0146019809847644,0.15357750607973503,1.0145864196891234,3.670461822077864e-06,nan,nan,0.088725537112122221,1.2722249341425101e-15,1.1642643568770765e-15,1,1
0,2,208,3136,45,shift-audit,2,4.8698337021038904,1.1629278116973976,0.38436677997140445,1.0521573813038039,1.093572806099631,0.11117891515872856,0.99585623987334959,0.20009651510048862,0.99580496714013256,4.5353331077635506e-06,nan,nan,0.088725537112122221,1.4446548972978465e-15,1.1642643568770765e-15,1,1
0,2,208,3136,46,shift-audit,2,4.8813724718269276,1.1569444461930802,0.38393829067668789,1.0459962770234337,1.0882390610430519,0.19004491405389931,0.90406329749298453,0.2803100417845179,0.90395421219534533,6.173520707669633e-06,nan,nan,0.088725537112122221,1.1310993074379201e-15,1.1642643568770765e-15,1,1
0,2,208,3136,47,shift-audit,2,4.8869088529693752,1.1439666480529651,0.38455479058465314,1.0333977693282284,1.0764423977262849,0.23743676473269046,0.8304741849198678,0.32833111949741534,0.83039711612529798,6.8169472383639018e-06,nan,nan,0.088725537112122221,1.222534031068411e-15,1.1642643568770765e-15,1,1
0,2,208,3136,48,pure-corner,2,4.4103098241268537,0.27285398728286164,0.082929025846309845,0.26036279007895774,0.39497366477128393,0.012670794331655398,0.055117988126044015,0.10088417343315725,0.055120022429701321,3.7641401851376544e-08,nan,nan,0.088725537112122221,1.01734769344439e-15,1.1642643568770765e-15,1,1
0,2,208,3136,49,pure-wave,2,1.7681112333857962,1.1012636592962748,0.38235149077196984,0.98863547098449212,0.98890104790716149,0.095148812376957645,0.88225128211177095,0.095688762201032229,0.88223652035084987,3.8592406827048231e-06,nan,nan,0.088725537112122221,2.8971162162929177e-15,1.1642643568770765e-15,1,1
1,2,213,3142,0,train,2,4.8717622346510154,0.75582070815008351,0.36947864198130914,0.63656731721966464,0.70203109095096672,0.05587866749882605,0.34933928185341512,0.14350598604138223,0.34934166662042226,1.3394461761961907e-07,2.0964541461697719,0.028835745367567698,0.085705653787944702,1.1866661578302873e-15,1.0456433870673709e-15,1,1
1,2,213,3142,1,train,2,3.9867103264653214,0.87758982624951554,0.42007377196839013,0.74892308001399388,0.78252872978900678,nan,nan,nan,nan,nan,2.4226901134264054,0.025003289912035237,0.085705653787944702,1.2728988704169178e-15,1.0456433870673709e-15,1,1
1,2,213,3142,2,train,2,5.0855496071512718,0.94898250154532071,0.46737205671650184,0.80113672062213159,0.85571695221246624,nan,nan,nan,nan,nan,2.6054662834925306,0.035011618543157721,0.085705653787944702,1.1873653307565043e-15,1.0456433870673709e-15,1,1
1,2,213,3142,3,train,2,4.8024570293515838,1.0988645918626283,0.52132500459631026,0.92960326713681862,0.96759424457755006,nan,nan,nan,nan,nan,2.9932421997292242,0.028463793706595492,0.085705653787944702,1.2234800739214774e-15,1.0456433870673709e-15,1,1
1,2,213,3142,4,train,2,5.2011937965853416,0.59892576299376765,0.22621366621517822,0.54017205404660673,0.63723977465570314,nan,nan,nan,nan,nan,1.8265658470825183,0.030175820700243713,0.085705653787944702,1.1284396363576725e-15,1.0456433870673709e-15,1,1
1,2,213,3142,5,train,2,3.9507329051150588,0.55683155250422045,0.26588676095237862,0.47262817297725701,0.53239171314795986,nan,nan,nan,nan,nan,1.5719485663563819,0.022910205167721447,0.085705653787944702,1.3139254493645596e-15,1.0456433870673709e-15,1,1
1,2,213,3142,6,train,2,5.0935288763740845,0.69409144676832435,0.32166329099609992,0.59799322460398452,0.67778523970566751,nan,nan,nan,nan,nan,1.9897138190858938,0.031078078181551845,0.085705653787944702,1.1019496471398773e-15,1.0456433870673709e-15,1,1
1,2,213,3142,7,train,2,4.6861039063083023,0.76918851396867716,0.36929632395583922,0.65274456509929779,0.71124408198125366,nan,nan,nan,nan,nan,2.1279341252206954,0.028729190028807472,0.085705653787944702,1.2120862005592504e-15,1.0456433870673709e-15,1,1
1,2,213,3142,8,train,2,5.8207190467002636,0.89519417458618,0.42350124757447527,0.76094016661172592,0.84039201341655057,nan,nan,nan,nan,nan,2.5029044442866759,0.033647731524097578,0.085705653787944702,1.2540404352975681e-15,1.0456433870673709e-15,1,1
1,2,213,3142,9,train,2,4.3150294592374747,0.96109169210387146,0.47323579306187163,0.80251268177643098,0.83643380458917616,nan,nan,nan,nan,nan,2.5847936360199602,0.024282782146221909,0.085705653787944702,1.1633869714807467e-15,1.0456433870673709e-15,1,1
1,2,213,3142,10,train,2,5.3843204071829627,1.0687492026654133,0.53109811910885352,0.89753375545020897,0.9495206011228885,nan,nan,nan,nan,nan,2.9428968608040629,0.032288228250463208,0.085705653787944702,1.2596003476363275e-15,1.0456433870673709e-15,1,1
1,2,213,3142,11,train,2,4.2504330583585341,0.51274863229091372,0.22630010025638933,0.45130568499960561,0.52739825583047117,nan,nan,nan,nan,nan,1.5244323281224812,0.027390726234406058,0.085705653787944702,1.2393554162557054e-15,1.0456433870673709e-15,1,1
1,2,213,3142,12,train,2,5.3934626008347584,0.62517942832755857,0.27896668322718787,0.54737411834727212,0.64802380639689172,nan,nan,nan,nan,nan,1.8483692827486122,0.035057975615273247,0.085705653787944702,1.1697371541157331e-15,1.0456433870673709e-15,1,1
1,2,213,3142,13,train,2,4.1657315887059445,0.70931217269939528,0.32695746856446867,0.60621186399760463,0.65787794816791678,nan,nan,nan,nan,nan,1.9715679776721697,0.026398189183655822,0.085705653787944702,1.2891704218557351e-15,1.0456433870673709e-15,1,1
1,2,213,3142,14,train,2,5.3213023247168083,0.81450731347124894,0.38092906083137773,0.69417884215908443,0.76805545766052319,nan,nan,nan,nan,nan,2.2945846985766143,0.029389659555504852,0.085705653787944702,1.289333206825097e-15,1.0456433870673709e-15,1,1
1,2,213,3142,15,train,2,4.9262228567859223,0.87097757740381931,0.43087070876479139,0.72939982569379291,0.78537307898855724,nan,nan,nan,nan,nan,2.3890654818281711,0.027873331971772646,0.085705653787944702,1.224236846894533e-15,1.0456433870673709e-15,1,1
1,2,213,3142,16,test,2,4.4203818457325736,0.83953725450357719,0.40323870315881671,0.70836811763402407,0.75548830338373119,nan,nan,nan,nan,nan,nan,nan,0.085705653787944702,1.2223910675488348e-15,1.0456433870673709e-15,1,1
1,2,213,3142,17,test,2,5.5653964961069242,0.95245915839331263,0.45796106174311491,0.80387829664248001,0.87065833065357467,nan,nan,nan,nan,nan,nan,nan,0.085705653787944702,1.0582010856915406e-15,1.0456433870673709e-15,1,1
1,2,213,3142,18,test,2,4.4802239918270974,1.0017018983411405,0.5070147663931821,0.82960811566753034,0.8639566870642833,nan,nan,nan,nan,nan,nan,nan,0.085705653787944702,1.3520359497828575e-15,1.0456433870673709e-15,1,1
1,2,213,3142,19,test,2,4.8613413089732562,0.51414341502082117,0.21222931188350183,0.45896761371949574,0.55692019868537335,nan,nan,nan,nan,nan,nan,nan,0.085705653787944702,1.1213569337970945e-15,1.0456433870673709e-15,1,1
1,2,213,3142,20,test,2,4.4097067369054281,0.55788603396840941,0.25686341374563804,0.48023633108510777,0.55515798940769945,nan,nan,nan,nan,nan,nan,nan,0.085705653787944702,1.2074112896076598e-15,1.0456433870673709e-15,1,1
1,2,213,3142,21,test,2,5.5642098043731787,0.72708227291697758,0.31341210082239818,0.63565098636943207,0.727300384282765,nan,nan,nan,nan,nan,nan,nan,0.085705653787944702,1.1106016842261971e-15,1.0456433870673709e-15,1,1
1,2,213,3142,22,test,2,3.9718367948961975,0.76101830612071264,0.35881311947702071,0.64464339611577526,0.68517773207987454,nan,nan,nan,nan,nan,nan,nan,0.085705653787944702,9.7931868271313675e-16,1.0456433870673709e-15,1,1
1,2,213,3142,23,test,2,5.0862325750066191,0.83320669682571213,0.41208705048941191,0.70024492005373018,0.76418074331112962,nan,nan,nan,nan,nan,nan,nan,0.085705653787944702,1.1450762718835677e-15,1.0456433870673709e-15,1,1
1,2,213,3142,24,test,2,4.7013498774419462,0.96295022761708571,0.46570565961042676,0.81755682114343409,0.86071097183143563,nan,nan,nan,nan,nan,nan,nan,0.085705653787944702,1.2849277349133959e-15,1.0456433870673709e-15,1,1
1,2,213,3142,25,test,2,5.8215515181528721,1.0579781668994759,0.51430759611558796,0.89402186236572789,0.95802815443141998,nan,nan,nan,nan,nan,nan,nan,0.085705653787944702,1.2176515517157418e-15,1.0456433870673709e-15,1,1
1,2,213,3142,26,test,2,3.9168273371628506,0.46258154944572932,0.21253955105989542,0.40021130459984272,0.47219875625812613,nan,nan,nan,nan,nan,nan,nan,0.085705653787944702,1.2455142453316377e-15,1.0456433870673709e-15,1,1
1,2,213,3142,27,test,2,5.0481761813665367,0.58672256493821817,0.26952026703288057,0.50806119323101728,0.60289643556031802,nan,nan,nan,nan,nan,nan,nan,0.085705653787944702,1.0474261834199402e-15,1.0456433870673709e-15,1,1
1,2,213,3142,28,test,2,4.6290068603180119,0.66819881370062495,0.31763783946577889,0.56856047590486825,0.63714008489213725,nan,nan,nan,nan,nan,nan,nan,0.085705653787944702,1.0991087682372243e-15,1.0456433870673709e-15,1,1
1,2,213,3142,29,test,2,5.7844242219941213,0.78666417054772753,0.37063865954478947,0.67155309243006212,0.76277228122606544,nan,nan,nan,nan,nan,nan,nan,0.085705653787944702,1.1252395572937791e-15,1.0456433870673709e-15,1,1
1,2,213,3142,30,test,2,4.0722791206871101,0.85530082169064181,0.41704310087638558,0.7181850085158985,0.75402452455124458,nan,nan,nan,nan,nan,nan,nan,0.085705653787944702,1.2828023840655789e-15,1.0456433870673709e-15,1,1
1,2,213,3142,31,test,2,5.1877685734192571,1.0599923494961534,0.47567001600571535,0.91093366750122795,0.96036375494935067,nan,nan,nan,nan,nan,nan,nan,0.085705653787944702,1.1425122450252693e-15,1.0456433870673709e-15,1,1
1,2,213,3142,32,test,2,4.8344398526519825,1.0789830661281867,0.52247799996620614,0.90608177694651193,0.94418217399994475,nan,nan,nan,nan,nan,nan,nan,0.085705653787944702,1.3261167877402296e-15,1.0456433870673709e-15,1,1
1,2,213,3142,33,test,2,5.2168580811873051,0.5373576571097709,0.22741869133703907,0.47553072072143704,0.58372840898538458,nan,nan,nan,nan,nan,nan,nan,0.085705653787944702,1.0908858265684283e-15,1.0456433870673709e-15,1,1
1,2,213,3142,34,test,2,3.9563785303393226,0.59990485306630736,0.27409622946089646,0.52054534615850956,0.57579989928477726,nan,nan,nan,nan,nan,nan,nan,0.085705653787944702,1.211313972085639e-15,1.0456433870673709e-15,1,1
1,2,213,3142,35,test,2,5.1031662150950163,0.68499711260822105,0.32391602598475155,0.58692876490870349,0.66846842960126041,nan,nan,nan,nan,nan,nan,nan,0.085705653787944702,1.215800806423564e-15,1.0456433870673709e-15,1,1
1,2,213,3142,36,test,2,4.6862681600830687,0.7713899514953666,0.37296981936578133,0.65160137882507507,0.71071853764527515,nan,nan,nan,nan,nan,nan,nan,0.085705653787944702,1.0891770538912057e-15,1.0456433870673709e-15,1,1
1,2,213,3142,37,test,2,5.8055931397302949,0.93656786901429501,0.43056877434114993,0.80155949106448499,0.87752175823038536,nan,nan,nan,nan,nan,nan,nan,0.085705653787944702,1.253601686871151e-15,1.0456433870673709e-15,1,1
1,2,213,3142,38,test,2,4.2870526154705262,0.9358365763865486,0.47811423125679903,0.77580867330124637,0.81110242222599216,nan,nan,nan,nan,nan,nan,nan,0.085705653787944702,1.2163051558432408e-15,1.0456433870673709e-15,1,1
1,2,213,3142,39,test,2,5.4299918051717215,1.081661209568046,0.53350333948673134,0.90735025106751199,0.95903325291646313,nan,nan,nan,nan,nan,nan,nan,0.085705653787944702,1.3665487098051852e-15,1.0456433870673709e-15,1,1
1,2,213,3142,40,shift-audit,2,4.8828879987484681,0.86121878089598991,0.37448954374735471,0.74709914477443551,0.8041881777410177,nan,nan,nan,nan,nan,nan,nan,0.085705653787944702,1.1426394848262189e-15,1.0456433870673709e-15,1,1
1,2,213,3142,41,shift-audit,2,4.8724522592490942,0.82849421565934256,0.37259396846955983,0.71224578262097571,0.77139722836705038,nan,nan,nan,nan,nan,nan,nan,0.085705653787944702,1.1662974426048338e-15,1.0456433870673709e-15,1,1
1,2,213,3142,42,shift-audit,2,4.8621287420442867,0.7672080567740146,0.37215643298320727,0.64708185732637524,0.71150866862742057,nan,nan,nan,nan,nan,nan,nan,0.085705653787944702,1.0687539212270054e-15,1.0456433870673709e-15,1,1
1,2,213,3142,43,shift-audit,2,4.8571235226026861,0.78345615133041702,0.37452551810774115,0.66794859611439139,0.73062655129516629,nan,nan,nan,nan,nan,nan,nan,0.085705653787944702,1.33171906951673e-15,1.0456433870673709e-15,1,1
1,2,213,3142,44,shift-audit,2,4.8599598879502368,0.8193673670747823,0.37574744268854343,0.70907003047378148,0.76841064248910118,nan,nan,nan,nan,nan,nan,nan,0.085705653787944702,1.1742165631283459e-15,1.0456433870673709e-15,1,1
1,2,213,3142,45,shift-audit,2,4.8698337021038922,0.79620989673784193,0.37209516730749531,0.68421752311334783,0.74546557523537282,nan,nan,nan,nan,nan,nan,nan,0.085705653787944702,1.2977765249548773e-15,1.0456433870673709e-15,1,1
1,2,213,3142,46,shift-audit,2,4.8813724718269276,0.77994520311217419,0.36976674709718138,0.66400999739933098,0.72745567557947621,nan,nan,nan,nan,nan,nan,nan,0.085705653787944702,1.2447322892100609e-15,1.0456433870673709e-15,1,1
1,2,213,3142,47,shift-audit,2,4.8869088529693778,0.8246927633935548,0.37259289593385614,0.70902443299919571,0.76955358172018262,nan,nan,nan,nan,nan,nan,nan,0.085705653787944702,1.2537494960728814e-15,1.0456433870673709e-15,1,1
1,2,213,3142,48,pure-corner,2,4.4103098241268519,0.32788722696726502,0.082879272737915122,0.31761365110006773,0.43437174801056366,nan,nan,nan,nan,nan,nan,nan,0.085705653787944702,1.0089062497611417e-15,1.0456433870673709e-15,1,1
1,2,213,3142,49,pure-wave,2,1.7681112333857969,0.71408982374067498,0.36770569111588136,0.58826242807230278,0.58843570541745871,nan,nan,nan,nan,nan,nan,nan,0.085705653787944702,1.3852343749063902e-15,1.0456433870673709e-15,1,1
